id,price
0,1846520
1,10478924
2,1141126
3,1586438
4,2817210
5,1369370
6,1206912
7,821575
8,1278306
9,2088448
10,1281435
11,1482549
12,824480
13,1143488
14,1073533
15,1218545
16,683690
17,1359619
18,775122
19,1163292
20,426179
21,1282847
22,1244289
23,729508
24,2243257
25,1055238
26,1168279
27,1433721
28,819884
29,5621920
30,1691270
31,855148
32,3419650
33,3111970
34,3256717
35,678111
36,647766
37,1938392
38,1278649
39,539810
40,3350619
41,751837
42,466958
43,1134588
44,960815
45,732290
46,2561512
47,479450
48,734257
49,1329247
50,4227100
51,971453
52,3344821
53,3212608
54,1054310
55,1516121
56,1411020
57,1099108
58,1055569
59,3167700
60,319977
61,601245
62,1468625
63,519608
64,6212136
65,557453
66,1019746
67,2460723
68,462771
69,2930255
70,1290100
71,782216
72,1170194
73,2759503
74,1753375
75,3714815
76,1019746
77,2266820
78,4448321
79,1933649
80,2425850
81,3872668
82,970421
83,941863
84,817215
85,656735
86,734446
87,1612260
88,1623740
89,503985
90,813841
91,696740
92,969510
93,2903500
94,1158506
95,1315347
96,751328
97,1298893
98,3429080
99,875568
100,1158890
101,910815
102,2092525
103,557453
104,891799
105,430840
106,3872033
107,1507490
108,1185916
109,2436423
110,1074789
111,2492311
112,393287
113,4920670
114,5983762
115,3679640
116,602734
117,1016793
118,2252281
119,1868504
120,3883620
121,2220590
122,1778783
123,2007213
124,1116902
125,2744769
126,602025
127,1185379
128,4914974
129,1174952
130,4233199
131,551937
132,1182784
133,3355770
134,1351408
135,1034765
136,3674433
137,4370600
138,1654956
139,1141126
140,1278306
141,1449888
142,1048302
143,731024
144,1194603
145,266915
146,2490937
147,1719945
148,2366041
149,1926260
150,3486980
151,1687514
152,1615910
153,245488
154,2119295
155,879743
156,1893300
157,3139600
158,1794227
159,934643
160,611342
161,6309380
162,974370
163,2346500
164,728925
165,926781
166,2458399
167,403779
168,1522730
169,851228
170,325637
171,661496
172,420308
173,814461
174,1250171
175,884849
176,4928392
177,729508
178,6396275
179,1089165
180,1355988
181,604467
182,736698
183,2890081
184,5510018
185,7069754
186,3421860
187,1313295
188,5472271
189,1523631
190,3443303
191,2942530
192,1121942
193,500490
194,1840300
195,3504178
196,1716091
197,1290100
198,1001350
199,1327460
200,1303780
201,2819247
202,3343080
203,1266410
204,2657950
205,1719692
206,682740
207,2628032
208,727200
209,1195234
210,1138792
211,1313559
212,3128570
213,737714
214,1098230
215,454218
216,1566645
217,2148787
218,605458
219,2457056
220,728084
221,382065
222,426658
223,1245250
224,1006827
225,4004219
226,2843900
227,4761400
228,8086140
229,2087340
230,6039080
231,3042692
232,309470
233,1241181
234,912749
235,511850
236,10478924
237,3845200
238,1490860
239,2172080
240,1211790
241,1678062
242,2690300
243,1873552
244,2513467
245,634064
246,542500
247,1487347
248,2709493
249,7771860
250,3370570
251,843744
252,1557179
253,1332590
254,1072820
255,863485
256,647766
257,1820656
258,1351408
259,1211136
260,1022137
261,1893773
262,2002970
263,1820151
264,337150
265,1036174
266,909993
267,1868504
268,292575
269,726645
270,1049935
271,1222400
272,1035006
273,1063519
274,788434
275,473540
276,2130622
277,1234281
278,1066471
279,1055250
280,1480173
281,880390
282,1364413
283,1178575
284,1134588
285,993914
286,613682
287,1616790
288,1659561
289,3326200
290,1192141
291,830991
292,914117
293,1048037
294,206830
295,1163292
296,439996
297,879743
298,692794
299,1162563
300,1780310
301,3851638
302,943491
303,1553300
304,1069778
305,1548652
306,1328160
307,779573
308,1283849
309,807690
310,1302253
311,2220590
312,1067729
313,544270
314,163150
315,1055569
316,768702
317,1420990
318,921175
319,2360007
320,1208430
321,1609208
322,645911
323,2460723
324,10749169
325,2561512
326,584260
327,1514952
328,1841415
329,1002643
330,920328
331,789980
332,1055250
333,866620
334,2314550
335,1453854
336,525460
337,653210
338,1134196
339,559360
340,654679
341,2951785
342,2123489
343,1722153
344,863162
345,1141126
346,207466
347,1075280
348,1841415
349,880514
350,3509740
351,1283849
352,2870024
353,1993820
354,4368770
355,2255720
356,4928392
357,3599510
358,1262185
359,376857
360,1207750
361,1121942
362,2023840
363,1480173
364,768521
365,1248883
366,1174952
367,1531690
368,916143
369,4174148
370,1040665
371,738200
372,276150
373,1118159
374,1474250
375,1167146
376,2437000
377,696215
378,1497870
379,4269175
380,3270620
381,1077960
382,442690
383,921350
384,1401890
385,968633
386,1516121
387,1211136
388,825470
389,3235708
390,3522452
391,1319757
392,1387310
393,996838
394,2561512
395,1174046
396,1136903
397,2659520
398,4120828
399,1106900
400,1275960
401,456499
402,2385686
403,667285
404,699620
405,818340
406,670190
407,2362020
408,2237720
409,631797
410,3539270
411,1330569
412,2804537
413,232023
414,681932
415,2586950
416,2267125
417,1106900
418,1359619
419,4888730
420,1386507
421,458178
422,1198848
423,1033973
424,998713
425,943793
426,687572
427,699322
428,1276449
429,3602241
430,1207750
431,1207750
432,1596020
433,2753068
434,1381703
435,911200
436,631746
437,1852600
438,956110
439,2582980
440,924676
441,2204410
442,4233199
443,803159
444,320733
445,1278306
446,2607542
447,2560243
448,659950
449,4126491
450,874160
451,1253681
452,1712545
453,2309290
454,1038731
455,612947
456,7408985
457,1123426
458,1338048
459,286982
460,1033973
461,1387574
462,803894
463,1029784
464,1841415
465,1697159
466,879743
467,990490
468,620002
469,430840
470,378095
471,1613942
472,997018
473,1556537
474,1430910
475,3484483
476,586782
477,674930
478,2930255
479,879922
480,1002479
481,1327460
482,908368
483,1298402
484,1167146
485,482370
486,1055569
487,1613884
488,3199979
489,908774
490,2699747
491,914500
492,1363783
493,1330106
494,972020
495,517518
496,4159490
497,4901300
498,1375759
499,988933
500,2506130
501,227740
502,5496392
503,2130067
504,1008429
505,1250171
506,1436720
507,1207030
508,522245
509,736558
510,1264713
511,1346153
512,1674340
513,1466100
514,2647005
515,1299736
516,2409637
517,1123719
518,4037066
519,265715
520,615927
521,892800
522,251282
523,465107
524,979743
525,10945480
526,799850
527,1375038
528,2002970
529,938824
530,413908
531,1422726
532,720843
533,2047653
534,1905410
535,3592776
536,671419
537,987248
538,1048037
539,924490
540,1238437
541,638779
542,4940927
543,1841262
544,788033
545,532718
546,720843
547,3328570
548,509800
549,1080329
550,626043
551,1223733
552,1716670
553,720843
554,673700
555,1387360
556,2853154
557,1553300
558,2010842
559,649059
560,738012
561,1502500
562,6535304
563,529245
564,609415
565,1048302
566,2131417
567,2120595
568,1206500
569,2136890
570,825470
571,1158458
572,698580
573,4216590
574,1141126
575,540760
576,2290158
577,641950
578,1613942
579,2269900
580,2809160
581,2344667
582,1996980
583,674930
584,2333680
585,807687
586,633117
587,656299
588,579150
589,841409
590,785239
591,2977380
592,972273
593,1074309
594,299897
595,1510182
596,1241304
597,926781
598,1057038
599,1436720
600,766910
601,2746269
602,809293
603,4468360
604,190650
605,1032070
606,913887
607,965154
608,709720
609,1050856
610,612395
611,1043511
612,963278
613,755197
614,2141558
615,875836
616,1246933
617,1912292
618,835662
619,950353
620,1299527
621,1251472
622,1035600
623,1164920
624,2888233
625,2529300
626,2097441
627,5117052
628,10478924
629,1767119
630,1853272
631,2296068
632,1251573
633,1357603
634,2644780
635,3104978
636,596212
637,107330
638,3202470
639,1195234
640,1576634
641,2576698
642,536133
643,3459515
644,814461
645,849376
646,1378499
647,647766
648,798281
649,939272
650,1698090
651,957127
652,446357
653,1841415
654,487600
655,4182251
656,2938485
657,943915
658,2447600
659,501815
660,1237283
661,840587
662,1253681
663,1316575
664,1698090
665,1668900
666,2659530
667,2362020
668,3705550
669,672875
670,726645
671,4182251
672,1449888
673,2291700
674,3613600
675,2870024
676,977810
677,1376292
678,3062150
679,3431500
680,3591070
681,1780515
682,1248818
683,2258905
684,1017325
685,614753
686,3194439
687,1268119
688,3014832
689,829781
690,816550
691,1464713
692,1780515
693,453729
694,631500
695,10945480
696,4450658
697,989702
698,1369370
699,3134800
700,844877
701,1016770
702,256520
703,1216358
704,2085913
705,1912292
706,998052
707,1843210
708,2475710
709,1717190
710,1535705
711,1490229
712,1788058
713,549178
714,749086
715,409350
716,634709
717,1336536
718,1436482
719,1523960
720,1452375
721,1743647
722,1122043
723,2216963
724,369200
725,2130067
726,1355988
727,1147413
728,1053160
729,1187350
730,397340
731,831681
732,2890360
733,523083
734,1215742
735,1262185
736,2602897
737,954388
738,740907
739,1146697
740,1830180
741,4819420
742,729508
743,1582112
744,575417
745,2830470
746,1031608
747,2186379
748,1231204
749,505750
750,1068573
751,227500
752,728084
753,2978310
754,2459548
755,1346650
756,1141126
757,1743647
758,1184521
759,1107977
760,1697247
761,835662
762,533502
763,680756
764,575417
765,1376790
766,3630290
767,873445
768,3376890
769,863550
770,260759
771,506101
772,4901425
773,1114722
774,912791
775,2640375
776,2280360
777,3045190
778,4750940
779,1928630
780,2169090
781,778997
782,6132779
783,3199194
784,2317688
785,3601338
786,1994243
787,1204726
788,817215
789,2008670
790,1871141
791,1436720
792,1553982
793,1378183
794,1186575
795,3509740
796,868162
797,1305672
798,2310200
799,580307
800,2451939
801,928217
802,1001585
803,316370
804,949917
805,1053196
806,223117
807,1276331
808,634064
809,648500
810,1143488
811,1302253
812,1003017
813,1351108
814,1299736
815,2598395
816,1161403
817,3128932
818,1123719
819,963278
820,765478
821,727200
822,656141
823,3033663
824,1199558
825,1159887
826,2113638
827,2202678
828,970407
829,2023840
830,2771350
831,384846
832,1230450
833,3366148
834,2258905
835,1171907
836,635079
837,692794
838,779022
839,861188
840,274100
841,2628032
842,2105825
843,2291700
844,2932673
845,2401679
846,840004
847,682382
848,2048622
849,1436720
850,2286130
851,1010088
852,968248
853,1319600
854,1001294
855,280537
856,263267
857,1380257
858,2344872
859,1114722
860,2522016
861,738735
862,1272970
863,1162074
864,1276331
865,631500
866,3021060
867,894677
868,985927
869,1617413
870,367599
871,995513
872,2293201
873,1297597
874,1109542
875,1102588
876,2690711
877,751088
878,1489904
879,3420715
880,4901425
881,764990
882,265280
883,2457056
884,1688690
885,530983
886,493337
887,1670787
888,2829231
889,913042
890,1000710
891,1239056
892,844877
893,129182
894,1638085
895,239458
896,1106832
897,326220
898,768521
899,3282380
900,1041402
901,622597
902,735530
903,7936650
904,1722840
905,2372847
906,1041975
907,2198200
908,3194383
909,1214863
910,3061700
911,786217
912,1687211
913,4893624
914,3308350
915,755202
916,882340
917,863162
918,394207
919,1746452
920,1840300
921,1093580
922,1224795
923,1587390
924,2826373
925,1241304
926,1840300
927,10945480
928,2123489
929,1579350
930,1276331
931,1482960
932,550340
933,2423719
934,1041480
935,2279500
936,1933649
937,934892
938,1118471
939,1049935
940,6822239
941,1320347
942,1025464
943,302118
944,813841
945,1716091
946,2890081
947,511479
948,3111970
949,1239524
950,224432
951,1031290
952,1184521
953,1041480
954,1035600
955,3181338
956,1005617
957,1185916
958,949917
959,2056390
960,1369370
961,1476483
962,1859497
963,1048302
964,1449888
965,1728525
966,1701111
967,2186000
968,1017325
969,1642648
970,939272
971,1022283
972,1024471
973,1013670
974,523107
975,284067
976,900081
977,1933107
978,2089160
979,698827
980,828590
981,594390
982,1657890
983,3788283
984,833220
985,1162074
986,1082253
987,1394000
988,2702201
989,3125573
990,349437
991,1150360
992,2509672
993,2332660
994,684128
995,642828
996,1638085
997,457167
998,2147550
999,966195
1000,727890
1001,1759792
1002,920711
1003,2460723
1004,652710
1005,901891
1006,10478924
1007,1238007
1008,1160967
1009,1348416
1010,1717190
1011,684740
1012,1019746
1013,885907
1014,1262185
1015,1519118
1016,5737122
1017,1443600
1018,1049935
1019,381360
1020,643374
1021,1159701
1022,1006543
1023,809293
1024,1395690
1025,2572513
1026,601245
1027,1206881
1028,2971250
1029,1357933
1030,2184080
1031,1233530
1032,551640
1033,1006543
1034,730568
1035,1406039
1036,330796
1037,1424301
1038,334700
1039,875836
1040,2344872
1041,1215165
1042,811245
1043,2097441
1044,1480173
1045,813841
1046,1245925
1047,1824480
1048,315090
1049,837832
1050,1137814
1051,910094
1052,1373323
1053,985950
1054,809964
1055,3054250
1056,1141126
1057,1434849
1058,1677709
1059,1297023
1060,753150
1061,1128390
1062,1361275
1063,1106900
1064,1345890
1065,438100
1066,792965
1067,1828472
1068,6819951
1069,515767
1070,2553368
1071,774939
1072,957150
1073,1031290
1074,2066924
1075,1912750
1076,890825
1077,1114722
1078,1110598
1079,803159
1080,981256
1081,2536690
1082,611342
1083,987995
1084,1067092
1085,615010
1086,1189730
1087,1878900
1088,3351817
1089,631900
1090,1794227
1091,2215463
1092,1895250
1093,1121476
1094,1154296
1095,4940927
1096,771655
1097,2181230
1098,1761560
1099,1710349
1100,835662
1101,496108
1102,1216358
1103,1024430
1104,1748125
1105,1775874
1106,3337472
1107,1069019
1108,1180626
1109,1343680
1110,1406008
1111,934183
1112,1002479
1113,2601112
1114,2990791
1115,1506529
1116,633996
1117,1719945
1118,1107907
1119,938272
1120,373770
1121,1502823
1122,1299736
1123,2365087
1124,1337857
1125,570028
1126,879922
1127,1267610
1128,1722065
1129,1143488
1130,3449100
1131,922630
1132,939272
1133,2521880
1134,1177146
1135,799279
1136,1553300
1137,1211790
1138,2364537
1139,862539
1140,2273816
1141,939272
1142,3181338
1143,841807
1144,2605700
1145,2335653
1146,4182251
1147,1370711
1148,454500
1149,131920
1150,1083100
1151,1268119
1152,1527754
1153,654660
1154,628424
1155,544046
1156,514172
1157,795655
1158,3069122
1159,3149484
1160,1687211
1161,7528040
1162,1527388
1163,195630
1164,10850429
1165,533502
1166,890838
1167,2385191
1168,1233530
1169,1576634
1170,1268119
1171,1272570
1172,2627285
1173,1919792
1174,835662
1175,621998
1176,925917
1177,1255042
1178,920847
1179,2385686
1180,3042433
1181,1114950
1182,5887870
1183,3272241
1184,1816135
1185,2753068
1186,950910
1187,1205230
1188,674930
1189,1109584
1190,1150360
1191,501550
1192,5241170
1193,3330450
1194,486850
1195,1120757
1196,540760
1197,1394000
1198,664200
1199,970132
1200,1327460
1201,1029800
1202,10478924
1203,1220123
1204,274410
1205,2701558
1206,1816135
1207,2344872
1208,3074700
1209,1716091
1210,5486979
1211,1530645
1212,1069423
1213,3337836
1214,564750
1215,713687
1216,2810089
1217,1351408
1218,2385686
1219,1230348
1220,2460723
1221,1313489
1222,829529
1223,1901357
1224,1034765
1225,2930130
1226,960810
1227,273404
1228,110135
1229,1129959
1230,8003297
1231,1455494
1232,1200814
1233,1169698
1234,2098500
1235,1436215
1236,2523200
1237,1332062
1238,188467
1239,1686482
1240,1216880
1241,3927080
1242,773050
1243,1582112
1244,284064
1245,1079773
1246,1712158
1247,1195065
1248,1183629
1249,2543605
1250,885907
1251,893518
1252,2126613
1253,1051162
1254,1044755
1255,1351408
1256,1278306
1257,3476994
1258,1127825
1259,1673940
1260,661496
1261,890756
1262,1118471
1263,1734295
1264,631103
1265,2704160
1266,1416037
1267,2640375
1268,389867
1269,2566269
1270,2010759
1271,1000710
1272,2385686
1273,1398790
1274,934892
1275,1432696
1276,1195234
1277,628424
1278,7138985
1279,10478924
1280,1006270
1281,996307
1282,553945
1283,1986383
1284,2369610
1285,2727250
1286,934643
1287,2296068
1288,1253715
1289,780640
1290,1432418
1291,1335140
1292,213318
1293,555650
1294,146538
1295,1487387
1296,2240630
1297,10478924
1298,1023860
1299,1169698
1300,2744769
1301,1224544
1302,895902
1303,3263210
1304,1359619
1305,2963985
1306,729558
1307,614613
1308,6822239
1309,815519
1310,275795
1311,4113584
1312,1927066
1313,857546
1314,539810
1315,704100
1316,533502
1317,613682
1318,2141000
1319,1245925
1320,6614916
1321,1612260
1322,782367
1323,3328694
1324,3194439
1325,933507
1326,1147733
1327,1785372
1328,1055174
1329,1218545
1330,850977
1331,768705
1332,2127570
1333,642201
1334,1093657
1335,1028912
1336,955840
1337,1083100
1338,560950
1339,2881490
1340,4159490
1341,2328750
1342,2067291
1343,664743
1344,267907
1345,1732002
1346,949917
1347,1156520
1348,3349110
1349,875007
1350,1244289
1351,678111
1352,1182537
1353,2202678
1354,797703
1355,4698940
1356,773028
1357,4950670
1358,1268471
1359,985400
1360,776457
1361,758879
1362,1454680
1363,1100754
1364,881290
1365,559360
1366,4586297
1367,1305672
1368,2831603
1369,943793
1370,832674
1371,1523385
1372,1147733
1373,825470
1374,1072521
1375,2360033
1376,1206912
1377,929053
1378,1642935
1379,909993
1380,755250
1381,321867
1382,729162
1383,1211790
1384,1617413
1385,1635900
1386,4940927
1387,1843040
1388,872217
1389,1003914
1390,1282717
1391,997018
1392,1066471
1393,2315946
1394,2659520
1395,969510
1396,2243257
1397,262745
1398,1497566
1399,1192141
1400,2604756
1401,2565031
1402,407950
1403,1543717
1404,529275
1405,3212150
1406,1282717
1407,958017
1408,1302253
1409,844877
1410,2304140
1411,1149220
1412,784034
1413,10945480
1414,2525167
1415,1485320
1416,784832
1417,2664132
1418,789920
1419,656299
1420,1634277
1421,1359619
1422,1117561
1423,2360340
1424,948683
1425,2384137
1426,1334146
1427,3676551
1428,913940
1429,678111
1430,1134196
1431,2168652
1432,1353707
1433,773028
1434,961792
1435,1358482
1436,1740513
1437,978610
1438,974429
1439,1046666
1440,360647
1441,1162074
1442,807687
1443,2823001
1444,677490
1445,931666
1446,1162074
1447,1814716
1448,2562730
1449,523967
1450,117975
1451,299413
1452,928233
1453,1656080
1454,719490
1455,1245925
1456,2060537
1457,1048302
1458,1116093
1459,694826
1460,888140
1461,7823060
1462,1512960
1463,1211790
1464,331490
1465,401733
1466,1282498
1467,2362020
1468,2247301
1469,2898200
1470,833625
1471,1613942
1472,1383060
1473,2753068
1474,2509377
1475,839714
1476,5510018
1477,316470
1478,5887870
1479,967694
1480,1107977
1481,203679
1482,1223598
1483,1529889
1484,3147290
1485,718594
1486,753778
1487,3766611
1488,1640216
1489,2132257
1490,299129
1491,763988
1492,857546
1493,1431609
1494,633117
1495,1313559
1496,1160400
1497,3194439
1498,1003017
1499,2454110
1500,1575442
1501,529275
1502,3845200
1503,696215
1504,928353
1505,923082
1506,952267
1507,2392629
1508,798850
1509,965768
1510,997018
1511,1114400
1512,1634041
1513,1284860
1514,633996
1515,631746
1516,1640216
1517,1322505
1518,569690
1519,1836262
1520,1005617
1521,1242552
1522,1443600
1523,754728
1524,3062150
1525,354349
1526,4433033
1527,850170
1528,5870050
1529,988870
1530,990257
1531,1568270
1532,303150
1533,369000
1534,2292352
1535,1041402
1536,1213930
1537,1434849
1538,1991633
1539,780640
1540,2158820
1541,1108209
1542,2314380
1543,601245
1544,1216358
1545,2130067
1546,2613800
1547,3429710
1548,2798979
1549,1255042
1550,1416081
1551,1055250
1552,523964
1553,451685
1554,1376146
1555,2171048
1556,844393
1557,992869
1558,1292016
1559,1139686
1560,2567686
1561,1010088
1562,815519
1563,2361193
1564,613800
1565,1534822
1566,1309087
1567,836951
1568,698337
1569,2314550
1570,1024141
1571,2557633
1572,6078481
1573,2130067
1574,3286240
1575,6457814
1576,1027873
1577,938407
1578,1670787
1579,791913
1580,1719680
1581,1373244
1582,2098523
1583,3162434
1584,10478924
1585,900240
1586,812985
1587,2723240
1588,1174952
1589,2504150
1590,1051660
1591,2147550
1592,1275960
1593,3653875
1594,1053680
1595,2778789
1596,580472
1597,2345310
1598,518034
1599,218496
1600,516877
1601,1239420
1602,831767
1603,613682
1604,3827972
1605,1862953
1606,4853774
1607,1233372
1608,2103453
1609,7561180
1610,1174952
1611,2292700
1612,2292352
1613,1848762
1614,837832
1615,3129950
1616,4167180
1617,1169134
1618,2112290
1619,655300
1620,1397767
1621,1343170
1622,2632380
1623,2148787
1624,2752270
1625,5003938
1626,981425
1627,429308
1628,931873
1629,2601112
1630,1767119
1631,1417670
1632,660651
1633,541050
1634,1194758
1635,1716670
1636,2734465
1637,971474
1638,1271300
1639,1704355
1640,224850
1641,867937
1642,1100754
1643,4849571
1644,1698090
1645,1890130
1646,1971313
1647,3746854
1648,879922
1649,1369370
1650,1754994
1651,1589900
1652,3100139
1653,2195128
1654,3181338
1655,265715
1656,2876516
1657,2234400
1658,3592776
1659,2181230
1660,1814917
1661,1331853
1662,1101680
1663,1487347
1664,1452684
1665,1025644
1666,1004537
1667,556133
1668,1678862
1669,1754994
1670,999248
1671,3118335
1672,5708153
1673,1369370
1674,3075590
1675,1638891
1676,4085362
1677,2615084
1678,7408985
1679,311290
1680,8051090
1681,2552605
1682,1466100
1683,514841
1684,5069264
1685,3851638
1686,938350
1687,444395
1688,1839722
1689,468047
1690,457536
1691,1103326
1692,1165736
1693,182573
1694,372199
1695,908774
1696,10478924
1697,3366163
1698,631500
1699,831105
1700,1472664
1701,734257
1702,3499777
1703,2617878
1704,1218545
1705,3705550
1706,3309400
1707,1184521
1708,1741990
1709,1764127
1710,1466394
1711,1724225
1712,1405312
1713,1134409
1714,1272298
1715,2128820
1716,906040
1717,931666
1718,490920
1719,1741790
1720,1346700
1721,1114318
1722,3209548
1723,1566292
1724,515050
1725,672457
1726,1762080
1727,10945480
1728,2657950
1729,432286
1730,653451
1731,1508540
1732,2184660
1733,1332034
1734,1334146
1735,10478924
1736,10478924
1737,965833
1738,3209941
1739,411638
1740,614075
1741,10945480
1742,939614
1743,2277593
1744,656913
1745,1514952
1746,1626011
1747,788434
1748,888437
1749,1099821
1750,1218545
1751,1510780
1752,1449888
1753,3488467
1754,363521
1755,3075590
1756,1841262
1757,1613884
1758,1342520
1759,770814
1760,3669507
1761,1629120
1762,2646441
1763,2981700
1764,3075010
1765,872225
1766,701462
1767,2058151
1768,1443600
1769,1055569
1770,908765
1771,2305330
1772,831767
1773,1004768
1774,2890360
1775,1243233
1776,1339570
1777,1487347
1778,356595
1779,2016300
1780,2477927
1781,1704907
1782,1143488
1783,844877
1784,850977
1785,1363060
1786,1756970
1787,1130740
1788,2570052
1789,1798333
1790,3207382
1791,4126491
1792,1642648
1793,2826373
1794,1803623
1795,1395322
1796,316370
1797,4468360
1798,509179
1799,4743500
1800,797703
1801,2051040
1802,635027
1803,743495
1804,1217911
1805,5019594
1806,907859
1807,323826
1808,1523631
1809,3102148
1810,10478924
1811,2805100
1812,876997
1813,643492
1814,569233
1815,1041457
1816,5486979
1817,3007528
1818,1272300
1819,1116093
1820,1533920
1821,1602296
1822,2843900
1823,1358740
1824,836219
1825,10478924
1826,1480134
1827,3202882
1828,1086923
1829,515767
1830,678111
1831,2685184
1832,2475710
1833,3007648
1834,2655906
1835,3913015
1836,729508
1837,4793860
1838,2595360
1839,999450
1840,224850
1841,812443
1842,3319303
1843,958179
1844,2047653
1845,596068
1846,1272570
1847,888685
1848,1074309
1849,1138028
1850,4106093
1851,2560243
1852,1004537
1853,1353657
1854,1812475
1855,1882960
1856,202764
1857,4945020
1858,934371
1859,1369370
1860,8680830
1861,207466
1862,1119178
1863,1133070
1864,825335
1865,809293
1866,1543717
1867,1102588
1868,2090750
1869,1025464
1870,924650
1871,1828472
1872,419444
1873,540280
1874,9990296
1875,3128570
1876,5943124
1877,877207
1878,631746
1879,1329520
1880,816054
1881,845058
1882,988870
1883,598925
1884,1487387
1885,3330450
1886,991550
1887,1182698
1888,2981700
1889,809778
1890,3501491
1891,3392990
1892,788554
1893,235750
1894,606221
1895,1645978
1896,3179434
1897,650100
1898,443160
1899,1274775
1900,319743
1901,897305
1902,2821227
1903,569245
1904,836000
1905,1669956
1906,596545
1907,706140
1908,803383
1909,1332604
1910,921888
1911,1573169
1912,414733
1913,2087340
1914,2665363
1915,5536410
1916,3135183
1917,380300
1918,3926020
1919,10945480
1920,1140080
1921,5072193
1922,714713
1923,1716091
1924,1669956
1925,3619717
1926,1817092
1927,4928392
1928,2814100
1929,3550736
1930,1047230
1931,932645
1932,1036721
1933,4463740
1934,744883
1935,687572
1936,2484605
1937,4220929
1938,191440
1939,1131350
1940,1251960
1941,1003017
1942,10478924
1943,880514
1944,3199430
1945,2586950
1946,875836
1947,978819
1948,1186575
1949,996942
1950,1375929
1951,2166917
1952,963778
1953,799279
1954,1222285
1955,535269
1956,2659520
1957,948683
1958,879922
1959,2186379
1960,1302253
1961,461960
1962,204690
1963,1511090
1964,430840
1965,3376535
1966,913940
1967,2774238
1968,2047120
1969,2814100
1970,534579
1971,441958
1972,1193116
1973,4182251
1974,1222285
1975,3100701
1976,1228997
1977,2888233
1978,2746880
1979,1016128
1980,1519118
1981,1250171
1982,1898057
1983,4468360
1984,199854
1985,409667
1986,1631120
1987,2357505
1988,1557179
1989,807358
1990,10478924
1991,3364750
1992,270480
1993,1163292
1994,955778
1995,2304140
1996,1242552
1997,985010
1998,392645
1999,902643
2000,807687
2001,1008680
2002,1195065
2003,2398050
2004,726645
2005,1552890
2006,5943124
2007,443160
2008,2267125
2009,4785978
2010,1053680
2011,1433207
2012,2338208
2013,124075
2014,1364495
2015,1376292
2016,4157210
2017,709720
2018,1959048
2019,1987240
2020,1192141
2021,1970311
2022,1514952
2023,807999
2024,1016348
2025,1893773
2026,877422
2027,1313489
2028,1199558
2029,1453854
2030,641045
2031,1206912
2032,3270620
2033,970132
2034,2019737
2035,2340111
2036,339993
2037,1118986
2038,980723
2039,2997170
2040,378902
2041,1265666
2042,2098420
2043,3319303
2044,649059
2045,612142
2046,960810
2047,541600
2048,892397
2049,515767
2050,985010
2051,921888
2052,891857
2053,2352697
2054,1283093
2055,614613
2056,941911
2057,908699
2058,1127535
2059,760661
2060,3729110
2061,955778
2062,7304894
2063,1009800
2064,2628032
2065,960902
2066,891470
2067,1345890
2068,1724225
2069,1465082
2070,3652278
2071,2878575
2072,1754440
2073,992325
2074,3771303
2075,5080480
2076,3718182
2077,815806
2078,587900
2079,849798
2080,1107336
2081,1106832
2082,1339591
2083,3054521
2084,1613884
2085,5072193
2086,2646441
2087,5843949
2088,3376160
2089,2457056
2090,1068573
2091,1144007
2092,1704907
2093,2711400
2094,645970
2095,3539068
2096,1041975
2097,696215
2098,1000710
2099,3224270
2100,1798333
2101,465418
2102,1255042
2103,1582112
2104,799279
2105,2352697
2106,521700
2107,984634
2108,4230099
2109,926781
2110,1487347
2111,1515300
2112,1540351
2113,979403
2114,646408
2115,477550
2116,955007
2117,696810
2118,812371
2119,7823060
2120,1143500
2121,1460350
2122,1211790
2123,956896
2124,2910190
2125,1242230
2126,1395322
2127,1026857
2128,2483195
2129,1133070
2130,584324
2131,861188
2132,935156
2133,2746269
2134,1617467
2135,654771
2136,3650346
2137,1056010
2138,2234400
2139,712332
2140,1710181
2141,413320
2142,1976560
2143,2746269
2144,538200
2145,1709670
2146,1243884
2147,5129660
2148,1264058
2149,5182793
2150,1100754
2151,3090650
2152,864943
2153,2564962
2154,893343
2155,1470590
2156,1676930
2157,1746788
2158,1220123
2159,2818100
2160,3627530
2161,2420410
2162,1222978
2163,3100701
2164,3116740
2165,1508850
2166,427294
2167,3810163
2168,903540
2169,460900
2170,888685
2171,502700
2172,1077800
2173,2926083
2174,673700
2175,1157480
2176,581051
2177,1133350
2178,2672788
2179,2113080
2180,519544
2181,683240
2182,1566260
2183,1212997
2184,2843970
2185,1449888
2186,1755490
2187,1867243
2188,2120595
2189,2786850
2190,3232890
2191,1443167
2192,3214643
2193,2359482
2194,1346970
2195,1092187
2196,1274464
2197,1241516
2198,984609
2199,434500
2200,1746820
2201,5022250
2202,1299309
2203,704410
2204,10945480
2205,1034048
2206,1910140
2207,1780542
2208,1345890
2209,2565490
2210,1344157
2211,2202678
2212,1106220
2213,941170
2214,1613884
2215,874467
2216,1515356
2217,464480
2218,2524670
2219,2220230
2220,1872600
2221,2672788
2222,2085454
2223,784034
2224,912791
2225,1224968
2226,893099
2227,2233490
2228,1154485
2229,1017242
2230,1331639
2231,968417
2232,433186
2233,911263
2234,937300
2235,853789
2236,1533884
2237,908368
2238,4167180
2239,537050
2240,2029000
2241,1803623
2242,910094
2243,1376292
2244,509179
2245,1387574
2246,3021060
2247,3334399
2248,1250817
2249,523107
2250,826663
2251,7138985
2252,656299
2253,1256910
2254,1148155
2255,818562
2256,2052473
2257,1282498
2258,2669333
2259,2536690
2260,2444260
2261,1397539
2262,1313489
2263,1483634
2264,1762979
2265,496933
2266,815577
2267,1528015
2268,1709000
2269,1149220
2270,1926570
2271,607092
2272,922590
2273,908765
2274,3331793
2275,689245
2276,4608737
2277,1377410
2278,4958337
2279,1161294
2280,825470
2281,1820151
2282,1221762
2283,699322
2284,2504903
2285,1068065
2286,641160
2287,200625
2288,872225
2289,1962890
2290,1330569
2291,4608737
2292,984634
2293,720843
2294,1177557
2295,586933
2296,2655906
2297,872225
2298,1043511
2299,154100
2300,636580
2301,518034
2302,2932308
2303,1174603
2304,6173578
2305,1074953
2306,593114
2307,1287840
2308,3785217
2309,1752420
2310,895902
2311,1207686
2312,755600
2313,1603376
2314,10945480
2315,837832
2316,418794
2317,610875
2318,696000
2319,2330553
2320,3928310
2321,392970
2322,1523349
2323,1313489
2324,2225790
2325,2829231
2326,2344872
2327,1443600
2328,1582112
2329,642828
2330,737714
2331,844877
2332,3759108
2333,1055569
2334,3891475
2335,1168279
2336,633117
2337,1162074
2338,920328
2339,1169533
2340,1828472
2341,2030133
2342,812854
2343,2425860
2344,1841494
2345,795655
2346,550308
2347,1986383
2348,647766
2349,2031550
2350,832674
2351,757406
2352,1106832
2353,2157438
2354,765798
2355,1817843
2356,1091995
2357,1698090
2358,1336680
2359,726550
2360,1720227
2361,751800
2362,867937
2363,1172120
2364,1640216
2365,915550
2366,2208728
2367,909835
2368,2582980
2369,2853154
2370,292908
2371,1566620
2372,863485
2373,2243257
2374,2589485
2375,763988
2376,3385329
2377,942165
2378,1853272
2379,1945283
2380,1185916
2381,1903810
2382,513783
2383,1181176
2384,373200
2385,345300
2386,877701
2387,2186000
2388,720843
2389,2686450
2390,3801236
2391,715154
2392,1195234
2393,641550
2394,1327460
2395,780640
2396,3402885
2397,679789
2398,1964888
2399,1910140
2400,1096440
2401,629272
2402,1329247
2403,1810131
2404,549358
2405,2938238
2406,1401100
2407,4484547
2408,1431537
2409,315221
2410,1453854
2411,1055238
2412,837832
2413,3666950
2414,1642935
2415,2525167
2416,720190
2417,4920524
2418,2098500
2419,698332
2420,569755
2421,1481727
2422,10478924
2423,581097
2424,784028
2425,1135604
2426,1083100
2427,1036611
2428,1177146
2429,625268
2430,757939
2431,1534032
2432,1516121
2433,539467
2434,2473267
2435,768106
2436,3065210
2437,827846
2438,1748125
2439,759331
2440,1016070
2441,1463586
2442,354894
2443,758587
2444,486330
2445,833625
2446,5022250
2447,3531626
2448,551440
2449,874467
2450,768907
2451,518034
2452,2746269
2453,1253681
2454,1361275
2455,613682
2456,923039
2457,1554400
2458,2498249
2459,717972
2460,804504
2461,4370600
2462,913940
2463,1181722
2464,960210
2465,4450658
2466,1514952
2467,1557179
2468,1701111
2469,10478924
2470,2998780
2471,1323797
2472,1055569
2473,962323
2474,1174109
2475,1063650
2476,865017
2477,575880
2478,1194758
2479,3435149
2480,1575442
2481,2712180
2482,1414320
2483,809750
2484,506724
2485,1278306
2486,2647005
2487,973470
2488,2289830
2489,782216
2490,1575887
2491,1926260
2492,981038
2493,2051075
2494,906055
2495,1154296
2496,1218968
2497,2220230
2498,3771303
2499,1954270
2500,931973
2501,768521
2502,789394
2503,2917990
2504,872225
2505,1530577
2506,1306628
2507,628691
2508,1040990
2509,1994335
2510,10945480
2511,1922300
2512,2740733
2513,3483880
2514,725320
2515,2168652
2516,906228
2517,865017
2518,1264242
2519,1290326
2520,4034473
2521,431957
2522,1158458
2523,1195065
2524,640273
2525,2258905
2526,342147
2527,1981600
2528,628862
2529,563697
2530,1320347
2531,1041457
2532,1599921
2533,611462
2534,1026830
2535,730480
2536,879849
2537,1216358
2538,588330
2539,1036611
2540,2665363
2541,698827
2542,3195400
2543,1198910
2544,1717190
2545,3430626
2546,1335140
2547,803894
2548,5983762
2549,995262
2550,505198
2551,758587
2552,511910
2553,811900
2554,1613720
2555,1170194
2556,985010
2557,740251
2558,1251472
2559,618336
2560,622716
2561,4132373
2562,2826373
2563,10478924
2564,7561180
2565,821575
2566,1839300
2567,1543717
2568,532637
2569,695410
2570,3433037
2571,831767
2572,1233530
2573,1739140
2574,1369370
2575,5225133
2576,322767
2577,2622310
2578,1346200
2579,587910
2580,879743
2581,837832
2582,2566269
2583,1129959
2584,2410050
2585,1514680
2586,1185379
2587,757264
2588,1295218
2589,2969975
2590,1096440
2591,1526346
2592,796778
2593,837075
2594,631746
2595,1248883
2596,4901425
2597,726645
2598,1241181
2599,699650
2600,1236757
2601,205200
2602,494750
2603,1059280
2604,1959048
2605,1614120
2606,1225788
2607,787195
2608,2668100
2609,1551220
2610,2522016
2611,1357603
2612,1387310
2613,3784890
2614,4649100
2615,1206912
2616,5231520
2617,2613800
2618,1444151
2619,977390
2620,676312
2621,2301153
2622,3167420
2623,458186
2624,4789948
2625,1767119
2626,3272241
2627,1542036
2628,2650860
2629,897447
2630,2334940
2631,1127283
2632,1956737
2633,693708
2634,2944650
2635,1055569
2636,420100
2637,1003017
2638,1419904
2639,2342507
2640,1177916
2641,1050445
2642,643999
2643,1566620
2644,713580
2645,687572
2646,3934490
2647,1239056
2648,2234400
2649,819924
2650,1698090
2651,1945283
2652,2439036
2653,803894
2654,1242552
2655,901297
2656,2124005
2657,3235708
2658,726550
2659,2212896
2660,355192
2661,873453
2662,793153
2663,748297
2664,1799699
2665,3330450
2666,1543717
2667,2291700
2668,10478924
2669,3315222
2670,1248597
2671,182850
2672,476073
2673,1276331
2674,1239056
2675,980723
2676,772790
2677,2607000
2678,859626
2679,853846
2680,1207686
2681,1949292
2682,431957
2683,1824540
2684,1182913
2685,203603
2686,2372667
2687,2460723
2688,880390
2689,768106
2690,1047145
2691,649059
2692,359960
2693,1220236
2694,1716091
2695,530880
2696,748297
2697,3106950
2698,2279940
2699,4468360
2700,2589485
2701,2702201
2702,6172300
2703,3556490
2704,1046666
2705,1831015
2706,1613884
2707,799279
2708,2875893
2709,548460
2710,631500
2711,831767
2712,3128932
2713,3334399
2714,549745
2715,1107958
2716,1156460
2717,2917429
2718,938450
2719,1205230
2720,4934882
2721,641037
2722,1140983
2723,1280051
2724,1134611
2725,3061604
2726,10478924
2727,7725360
2728,1334146
2729,908337
2730,1239056
2731,1923770
2732,1035447
2733,5496392
2734,2823001
2735,1603376
2736,1296275
2737,2898200
2738,2243257
2739,2910190
2740,872225
2741,2720783
2742,997018
2743,2736851
2744,1556438
2745,885537
2746,1363783
2747,1026751
2748,671578
2749,908774
2750,2392629
2751,1079773
2752,4474070
2753,2458399
2754,3212608
2755,1272380
2756,1903429
2757,1613942
2758,731342
2759,1187535
2760,1717190
2761,2604756
2762,2730224
2763,4450658
2764,1722153
2765,2136320
2766,735085
2767,2071450
2768,3111082
2769,985950
2770,2763260
2771,540760
2772,981083
2773,2237470
2774,1135369
2775,2253386
2776,1241516
2777,1004537
2778,783058
2779,1050856
2780,784028
2781,5956583
2782,4349543
2783,3392990
2784,2365502
2785,1677775
2786,1697247
2787,247831
2788,1331853
2789,1303369
2790,7725360
2791,1337580
2792,345936
2793,807687
2794,906760
2795,2746269
2796,1415641
2797,1222285
2798,971831
2799,1096617
2800,206325
2801,1863145
2802,229780
2803,2644780
2804,4167180
2805,1449888
2806,2197850
2807,156150
2808,1297974
2809,5988611
2810,1206912
2811,1514952
2812,2524830
2813,727311
2814,861188
2815,1339591
2816,3794592
2817,274667
2818,859626
2819,10478924
2820,453729
2821,934371
2822,1144930
2823,789394
2824,762900
2825,1915977
2826,4120828
2827,1033466
2828,656299
2829,1449888
2830,1608140
2831,821575
2832,1185916
2833,2098420
2834,3236612
2835,486096
2836,2765555
2837,270367
2838,3622918
2839,1195534
2840,401200
2841,787105
2842,1921270
2843,1283849
2844,780640
2845,2962600
2846,1767119
2847,922590
2848,1164598
2849,1168816
2850,3042692
2851,1416037
2852,2148787
2853,950965
2854,2607460
2855,1903429
2856,935500
2857,7528040
2858,2703330
2859,781982
2860,1299527
2861,2209547
2862,3111082
2863,1206912
2864,2746269
2865,443658
2866,3625489
2867,1129635
2868,2362020
2869,1233459
2870,939853
2871,1001585
2872,1710600
2873,894677
2874,631748
2875,5757912
2876,3927080
2877,1024488
2878,6316821
2879,800027
2880,1640216
2881,2951785
2882,780640
2883,1048920
2884,1017263
2885,1016735
2886,1421530
2887,1313489
2888,768521
2889,522220
2890,3392990
2891,866771
2892,1861530
2893,2335653
2894,785516
2895,1119301
2896,1885220
2897,1369370
2898,1141126
2899,3365642
2900,765916
2901,2296068
2902,845171
2903,1054310
2904,735085
2905,1677775
2906,814963
2907,681423
2908,836000
2909,6873474
2910,2130067
2911,731300
2912,2702201
2913,1449888
2914,1577395
2915,823490
2916,666300
2917,1332261
2918,2526520
2919,1102900
2920,883271
2921,3523290
2922,1220123
2923,1330106
2924,1260570
2925,1074789
2926,592640
2927,948830
2928,712260
2929,712260
2930,2857712
2931,2344667
2932,3453005
2933,1602296
2934,1406039
2935,1143336
2936,1014888
2937,691725
2938,2672788
2939,757406
2940,965154
2941,3936530
2942,3239141
2943,2377446
2944,730480
2945,759644
2946,857546
2947,1474250
2948,1168279
2949,549745
2950,1207750
2951,2195128
2952,1336405
2953,2272670
2954,1976560
2955,678111
2956,2434681
2957,885379
2958,1141126
2959,3075010
2960,762426
2961,4159490
2962,935920
2963,1346860
2964,2889490
2965,2759970
2966,985862
2967,785239
2968,377212
2969,949917
2970,206220
2971,712260
2972,967975
2973,638779
2974,1026751
2975,3601820
2976,1015793
2977,816104
2978,1431537
2979,1687211
2980,2418500
2981,3193550
2982,742456
2983,1314566
2984,2895462
2985,2853154
2986,857546
2987,1071530
2988,2164281
2989,1378499
2990,3250790
2991,2296068
2992,1385312
2993,1603376
2994,2983972
2995,546364
2996,3114082
2997,1245250
2998,432286
2999,2345400
3000,2441270
3001,2843600
3002,1339666
3003,1654020
3004,1380257
3005,2489985
3006,506101
3007,630565
3008,1442900
3009,895902
3010,1055569
3011,7138985
3012,1754994
3013,1007433
3014,1329520
3015,1798667
3016,2097441
3017,1438952
3018,1260800
3019,609057
3020,1172875
3021,3844673
3022,1174046
3023,2704160
3024,10478924
3025,1222978
3026,2973247
3027,1951587
3028,2111907
3029,2212820
3030,941911
3031,1540351
3032,1346480
3033,2220590
3034,229333
3035,2498249
3036,1981020
3037,1019746
3038,427294
3039,1349134
3040,777112
3041,7936650
3042,1603376
3043,1063650
3044,715611
3045,1366831
3046,729508
3047,835662
3048,862540
3049,2690550
3050,4789948
3051,537890
3052,486096
3053,1809136
3054,737714
3055,536692
3056,2148787
3057,941911
3058,1376146
3059,2167790
3060,978819
3061,3067700
3062,735085
3063,1094200
3064,2831078
3065,1143488
3066,851000
3067,2073100
3068,1016615
3069,2048700
3070,1074789
3071,1131350
3072,264271
3073,1488167
3074,643492
3075,1003750
3076,2182304
3077,789280
3078,3771303
3079,1041167
3080,1438952
3081,583386
3082,674655
3083,981083
3084,1029784
3085,1387310
3086,2243257
3087,1266345
3088,1040210
3089,3733413
3090,560767
3091,734446
3092,810565
3093,5093193
3094,588163
3095,3235708
3096,1519118
3097,611173
3098,1026830
3099,1785220
3100,1592070
3101,4468360
3102,1313489
3103,390417
3104,1108209
3105,1016023
3106,972020
3107,837832
3108,2343554
3109,1120730
3110,2844102
3111,2260584
3112,867937
3113,1138792
3114,1026830
3115,392300
3116,506101
3117,1141588
3118,1974140
3119,1406039
3120,1540351
3121,417337
3122,1161294
3123,7069754
3124,417683
3125,3360149
3126,1898057
3127,882340
3128,654679
3129,2186000
3130,1788058
3131,1206500
3132,7827075
3133,698192
3134,1868504
3135,1320258
3136,986143
3137,909993
3138,689243
3139,2092525
3140,2629974
3141,1168816
3142,1118875
3143,1054970
3144,827443
3145,5510018
3146,4182251
3147,4250338
3148,3042433
3149,2315946
3150,3042692
3151,996800
3152,985010
3153,466958
3154,924676
3155,927454
3156,1283849
3157,1438952
3158,10478924
3159,821575
3160,1023731
3161,1135604
3162,1218968
3163,1480173
3164,1170383
3165,1003017
3166,1055569
3167,477397
3168,2042700
3169,909835
3170,2475710
3171,324700
3172,3048720
3173,2862779
3174,956203
3175,893099
3176,1372336
3177,4853774
3178,1716850
3179,663280
3180,959070
3181,2234400
3182,1406039
3183,5887870
3184,1211136
3185,872225
3186,3076712
3187,768243
3188,3209941
3189,589041
3190,1151489
3191,2130067
3192,2969994
3193,1530645
3194,1061380
3195,3086500
3196,514901
3197,5943124
3198,515198
3199,593688
3200,725960
3201,768702
3202,689367
3203,2638499
3204,1677940
3205,1779196
3206,888672
3207,10478924
3208,900812
3209,1290100
3210,1364648
3211,937300
3212,511910
3213,4789948
3214,3413310
3215,2364100
3216,5490400
3217,1851385
3218,897447
3219,673490
3220,1250171
3221,875300
3222,1761529
3223,548658
3224,3928310
3225,1296275
3226,809293
3227,1144189
3228,782216
3229,669933
3230,1182680
3231,4896210
3232,1206912
3233,4335493
3234,495122
3235,642811
3236,724350
3237,5755290
3238,505817
3239,2701500
3240,3439240
3241,767566
3242,1650310
3243,655300
3244,803894
3245,1369370
3246,578510
3247,985010
3248,3250790
3249,2164281
3250,1693873
3251,2179974
3252,1406039
3253,2401350
3254,1236757
3255,643374
3256,1314000
3257,686786
3258,2195128
3259,5093193
3260,1504907
3261,1555160
3262,2310200
3263,1251472
3264,2434681
3265,2195128
3266,877613
3267,784028
3268,1164598
3269,1691745
3270,1659730
3271,683427
3272,1147733
3273,360647
3274,552618
3275,2291700
3276,1717190
3277,4849571
3278,1448463
3279,984362
3280,1986383
3281,7304894
3282,271000
3283,1327712
3284,427294
3285,1239524
3286,2888233
3287,1336536
3288,1378499
3289,761979
3290,1523621
3291,715611
3292,991550
3293,5319713
3294,591720
3295,1603376
3296,1242989
3297,3809647
3298,2969994
3299,1167240
3300,1335140
3301,982117
3302,540760
3303,226295
3304,470672
3305,956685
3306,1289720
3307,1868504
3308,457167
3309,1061030
3310,3781919
3311,716255
3312,751837
3313,984634
3314,1243850
3315,2130067
3316,2180361
3317,938034
3318,1313489
3319,932831
3320,583052
3321,896097
3322,2384137
3323,245365
3324,833625
3325,5027074
3326,395300
3327,2098573
3328,1377676
3329,2853207
3330,3821091
3331,1381703
3332,908225
3333,1119178
3334,1867011
3335,970132
3336,1635900
3337,1330106
3338,3603009
3339,1283093
3340,5041670
3341,1642935
3342,5474530
3343,2400341
3344,2375404
3345,1197883
3346,729508
3347,1141588
3348,391500
3349,977988
3350,1334146
3351,893099
3352,1134588
3353,775472
3354,176445
3355,1528094
3356,1592930
3357,635800
3358,3555290
3359,2602897
3360,1048390
3361,851228
3362,255900
3363,4525544
3364,2074124
3365,2309290
3366,922590
3367,647766
3368,1427950
3369,763988
3370,2890081
3371,1603376
3372,771749
3373,615040
3374,901427
3375,692794
3376,1096892
3377,1825700
3378,233136
3379,727000
3380,3672417
3381,3927820
3382,360400
3383,1169698
3384,556425
3385,2606500
3386,1318902
3387,1110900
3388,8014630
3389,1558905
3390,1351408
3391,1299736
3392,3872668
3393,1243810
3394,1239056
3395,2898200
3396,2829231
3397,2195128
3398,2195128
3399,2881490
3400,1327460
3401,901081
3402,1056524
3403,2457056
3404,3178720
3405,10945480
3406,752552
3407,2362020
3408,1207686
3409,869069
3410,1121666
3411,216508
3412,1406039
3413,865017
3414,818562
3415,821575
3416,604467
3417,2012912
3418,2647005
3419,3135183
3420,2878625
3421,4761400
3422,3107760
3423,1231258
3424,1055238
3425,4474070
3426,433082
3427,1271300
3428,1401010
3429,480712
3430,1905250
3431,490920
3432,807880
3433,1526276
3434,803799
3435,570183
3436,3523290
3437,1211790
3438,1123719
3439,224742
3440,2666523
3441,923413
3442,4849571
3443,1134605
3444,1074966
3445,987564
3446,7138985
3447,2395950
3448,1176477
3449,1198848
3450,830991
3451,506524
3452,835662
3453,1910140
3454,1242552
3455,678111
3456,1376146
3457,921175
3458,482411
3459,2191260
3460,1113842
3461,620002
3462,743495
3463,815577
3464,3194439
3465,1603376
3466,1198848
3467,817215
3468,7561180
3469,785239
3470,638779
3471,2013366
3472,830991
3473,2732183
3474,891903
3475,724350
3476,3194439
3477,1056160
3478,1343170
3479,583538
3480,2182263
3481,1718171
3482,1466050
3483,1283946
3484,2810089
3485,880514
3486,879743
3487,3245102
3488,808150
3489,1635900
3490,3556593
3491,1475538
3492,910094
3493,2380865
3494,2659520
3495,1478730
3496,1740513
3497,1300060
3498,677989
3499,500700
3500,1568270
3501,2082222
3502,466958
3503,1138792
3504,854516
3505,515767
3506,724307
3507,2479667
3508,981708
3509,1514318
3510,1401367
3511,1378667
3512,1351408
3513,1154230
3514,334700
3515,1433207
3516,1873552
3517,920711
3518,1348416
3519,501815
3520,1534822
3521,1734295
3522,567835
3523,596068
3524,2186000
3525,1361275
3526,1414180
3527,1195065
3528,1278873
3529,446678
3530,1644208
3531,4182390
3532,1481700
3533,2271268
3534,2458399
3535,2644780
3536,4182251
3537,1087763
3538,2359800
3539,1970311
3540,328896
3541,2969994
3542,500184
3543,562812
3544,1017698
3545,138773
3546,992997
3547,5870053
3548,1956033
3549,5507780
3550,1719680
3551,729508
3552,1164420
3553,1151489
3554,1923357
3555,1008680
3556,1729500
3557,3395190
3558,758144
3559,1364648
3560,841795
3561,3199194
3562,1207204
3563,432376
3564,1055569
3565,772569
3566,754373
3567,1813965
3568,3051693
3569,1904214
3570,1406039
3571,1971313
3572,1148062
3573,470795
3574,1427760
3575,506035
3576,5117052
3577,1993820
3578,3072924
3579,1762979
3580,4241258
3581,457167
3582,1460150
3583,787023
3584,2364019
3585,290012
3586,1071673
3587,2969994
3588,1406039
3589,1163292
3590,3827972
3591,796778
3592,737714
3593,1735311
3594,3651680
3595,10478924
3596,1398790
3597,2389521
3598,790740
3599,1087280
3600,880360
3601,2190276
3602,2881490
3603,1927696
3604,1599921
3605,1546881
3606,3039120
3607,4901425
3608,911200
3609,970132
3610,2344872
3611,1041457
3612,1008429
3613,1257648
3614,1853272
3615,2870024
3616,562835
3617,1170194
3618,1719945
3619,570507
3620,870252
3621,723988
3622,734257
3623,633220
3624,3476994
3625,1170194
3626,5152497
3627,3214687
3628,2164281
3629,798168
3630,1216880
3631,4126491
3632,3039120
3633,1270820
3634,825470
3635,2384450
3636,1074789
3637,1048037
3638,3376535
3639,213318
3640,613682
3641,837832
3642,1129959
3643,1468625
3644,971831
3645,797703
3646,1825950
3647,3459515
3648,941420
3649,1022137
3650,1265503
3651,539175
3652,7936650
3653,468047
3654,624642
3655,767566
3656,3006551
3657,717401
3658,687572
3659,1109882
3660,8370018
3661,3351817
3662,1154777
3663,456333
3664,1716091
3665,2371520
3666,1041480
3667,1133429
3668,2425860
3669,2296068
3670,685162
3671,1293111
3672,620112
3673,1396209
3674,2815828
3675,1376146
3676,2781397
3677,2458399
3678,3736483
3679,1749644
3680,334700
3681,863162
3682,1036721
3683,569964
3684,803159
3685,2877923
3686,1154296
3687,1373121
3688,3462937
3689,2286130
3690,2587810
3691,1976560
3692,1196620
3693,492301
3694,734257
3695,1241661
3696,1090283
3697,2018980
3698,3459515
3699,2717120
3700,1063292
3701,1582112
3702,1599750
3703,1710349
3704,1016070
3705,1743647
3706,818562
3707,821575
3708,639647
3709,1099821
3710,800120
3711,1278306
3712,1418217
3713,184190
3714,569755
3715,1346153
3716,1211790
3717,2430129
3718,524050
3719,149050
3720,913940
3721,3486980
3722,755215
3723,734257
3724,1004032
3725,898810
3726,1678862
3727,3555290
3728,1340590
3729,830991
3730,2156450
3731,2291700
3732,6339477
3733,1233530
3734,812443
3735,563633
3736,2416350
3737,4686200
3738,536133
3739,583420
3740,1487347
3741,3927820
3742,520367
3743,1120730
3744,1274775
3745,724350
3746,6339477
3747,1032070
3748,1074789
3749,842508
3750,800120
3751,1697247
3752,1298580
3753,1119301
3754,1185916
3755,757264
3756,774531
3757,3207382
3758,853789
3759,1150812
3760,1577407
3761,827858
3762,648972
3763,3429710
3764,1134588
3765,1188747
3766,2425850
3767,444010
3768,2525167
3769,585970
3770,1030078
3771,823975
3772,1743647
3773,1123719
3774,1065800
3775,5182793
3776,688231
3777,3619717
3778,1282498
3779,3294170
3780,2576273
3781,2409637
3782,1396209
3783,1487387
3784,972273
3785,847486
3786,780640
3787,1278306
3788,3154490
3789,285550
3790,1068573
3791,1339666
3792,1232890
3793,1205230
3794,1635900
3795,790595
3796,3379470
3797,620690
3798,789995
3799,1246325
3800,2930255
3801,418794
3802,666165
3803,1042164
3804,3109050
3805,765798
3806,1534032
3807,10478924
3808,1158900
3809,1074789
3810,1693873
3811,712900
3812,968105
3813,2399290
3814,1902937
3815,1068065
3816,164175
3817,1640216
3818,2816670
3819,2884875
3820,1051660
3821,1302753
3822,601223
3823,803894
3824,923082
3825,1722065
3826,3272241
3827,1163292
3828,3159879
3829,3301090
3830,1778783
3831,1028290
3832,1227556
3833,1674340
3834,486096
3835,989702
3836,1130340
